Nickname,Verified,CommentCount,PlayCount,ShareCount,Duration
미소아라 Miso_Ara,True,66000,200600000,377700,17
Chris Rinker,False,154100,79600000,205400,11
IamPéts,False,55300,106100000,323000,25
dailydosevideos,False,70600,72500000,133400,62
Jake Sherman,True,35500,62700000,252900,36
Jiraer Koullokian,False,205200,100800000,795700,10
Samuel Grubbs,True,59900,133200000,707400,18
Movie-Nerd74,False,113200,69400000,337900,16
The Chainz Family,True,100900,149500000,1200000,13
Samuel Grubbs,True,54500,83100000,196600,19
Guro Elde Paulsen,True,46900,109300000,10300,18
Jenn Melon,False,66200,35800000,109800,14
Lord_Balesteak,False,102300,54000000,505600,9
Mully,True,56600,65000000,522800,10
It'sStefano,False,40700,67800000,45900,8
British Promise Cats,False,467000,299500000,2800000,13
Funny Vids 2k21,False,233600,227100000,1300000,7
Samuel Grubbs,True,214600,169500000,433300,14
Bandit the Raccoon,False,151700,110100000,394000,10
Nicolas Roman,False,103800,177700000,391400,16
Austin Mollno,False,44500,121800000,60300,51
funny_v.i.p,False,75900,153000000,463900,33
Hassan,False,117500,122600000,363400,13
원정맨 WonJeong,True,155600,152100000,159600,10
Cute pets,False,137300,300600000,989900,10
Or Zuti,True,86100,243800000,281300,11
Chris Rinker,False,154100,79600000,205400,11
funny_v.i.p,False,94500,121700000,393300,46
Funny Vids 2k21,False,170600,127700000,621700,7
cute_cheese,False,35800,144400000,192200,42
Kitty cat｜Kucing,False,183700,112300000,1400000,6
HUỲNH❖MEMEツ☑,False,52200,59600000,94700,23
Deanna Giulietti,True,15800,44300000,12900,33
Carlo,False,48700,53300000,101500,59
Aaron Neary,False,45100,29000000,129100,15
Kirby Long,False,33900,39800000,36200,13
EmJ✰,False,8351,35100000,35200,38
Amanda,False,45900,33600000,230800,18
tymilli,False,46400,26100000,75700,16
Jenfuh21,False,62100,25800000,197400,39
Zyh the guy,False,13600,45800000,7868,31
Limb Loss Boss,False,37400,33800000,441100,13
Jesse Joseph Geneau,False,19200,41900000,257100,9
Mary,False,52400,50200000,281900,7
The Sicilian father,False,17400,36900000,211300,15
albatross15,False,61300,24600000,108100,16
Chris Rinker,False,154100,79600000,205400,11
UserSeif,False,82800,78200000,165100,13
DADDY MING,True,84900,89800000,17700,21
Memes We Love ❤️,False,56200,51300000,263600,12
Wee,False,67600,102300000,368600,7
Chris Rinker,False,154100,79600000,205400,11
원정맨 WonJeong,True,71700,160400000,61600,18
IamPéts,False,55300,106100000,323000,25
Charlie,False,88800,143800000,223400,16
Drake kiker,False,11000,34700000,273800,39
NOCLOUD,False,5660,34200000,25600,30
Littel Johnny,False,25800,28100000,124900,32
Conlan,False,9629,26800000,56400,42
Jake Riley,False,58700,27300000,64700,12
Kison Kee,True,324700,324500000,2100000,8
Nicolas Roman,False,103800,177700000,391400,16
Spencer X,True,94400,226300000,167100,16
Hassan,False,117500,122600000,363400,13
Cartertvstar3,False,176500,91600000,443300,28
Joey Klaasen,True,21100,126700000,80300,10
Daniel LaBelle,True,94700,78500000,238900,58
Charlie,False,88800,143800000,223400,16
Hunain M,False,178800,76900000,673200,10
Manuel Mercuri,True,132900,118300000,362600,10
Grace Wolstenholme,False,231900,109800000,397600,8
Tristan Maloney,False,131800,86300000,552000,32
Uyi,True,123600,64200000,388200,31
Spencer X,True,15600,146800000,72100,11
Adrian Bliss,True,82500,73000000,412600,39
major,False,122800,73400000,1000000,42
Cool Grandpa,False,140600,57600000,280500,8
The Chainz Family,True,100900,149500000,1200000,13
Spencer X,True,20500,105800000,67500,9
Xavier,False,105900,53200000,226300,11
Fishing Guy,False,347500,167500000,1300000,9
♡  Tay,False,344300,63500000,1000000,10
Hinzman Fam,False,186900,92800000,366700,11
funny_p.e.t,False,28800,72600000,138000,20
funny_p.e.t,False,40200,62200000,120800,45
Deanna Giulietti,True,15800,44300000,12900,33
Road To Aesthetics,False,68100,63100000,195500,15
Odgkenzo,False,17700,38700000,127600,26
Bridget Chant,True,36400,43200000,151900,11
EmJ✰,False,8351,35100000,35200,38
funny_p.e.t,False,31600,43500000,73400,49
Rico Animations,False,51300,104500000,203000,13
Jo Gma Beck,False,8819,51400000,5930,47
Fun!,False,18000,62700000,66500,24
Lilah,False,62300,94300000,682900,30
,False,76100,56800000,146300,49
Paige Richardson,False,35600,21300000,60400,59
Paranormal Princess,False,150000,67900000,383000,11
,False,88000,46600000,428600,29
curtistootrill,True,13300,40800000,73200,7
spider_slack,True,190800,163800000,610400,14
Melany,False,112000,91100000,299300,46
Cute pets,False,137300,300600000,989900,10
LeeThe4th,True,72200,57800000,91700,55
LuffGuyl,False,60600,48600000,133400,11
Yuiツ,False,66400,83900000,110500,23
Mully,True,56600,65000000,522800,10
(´･ω･`),False,193300,93800000,434700,15
Bob Reese,False,83000,54700000,199300,8
comeatmebhai,False,86300,44200000,95300,13
HUỲNH❖MEMEツ☑,False,52200,59600000,94700,23
Bob Reese,False,119300,39900000,221500,6
meme hub,False,114700,72600000,495600,39
Just Memes,False,40200,61000000,185400,24
Bob Reese,False,57000,59000000,73600,18
Snow,False,47500,55400000,109100,12
Bob Reese,False,11300,31400000,15600,21
JeddEye,True,95900,44900000,1400000,15
Lewonade,False,79400,29300000,282600,9
Mully,True,47800,44300000,499900,14
Niall MacMillan,False,14800,71400000,22400,23
Andie,False,84100,31700000,166900,59
Niall MacMillan,False,48800,42000000,319700,30
Niall MacMillan,False,9886,32800000,25900,14
Niall MacMillan,False,56200,32500000,94400,43
chantellefen,False,34600,15700000,50700,10
Giri,False,38900,25100000,121400,65
Niall MacMillan,False,29800,28600000,252500,26
Donfello,False,40000,15300000,83000,53
Niall MacMillan,False,14500,25600000,33700,22
AfroManiac,False,11700,18500000,25400,6
JustComedyTv,False,16100,15600000,22200,20
How Things Actually Work,False,15100,46400000,20700,15
Niall MacMillan,False,18600,16200000,44600,28
Lars&Joep,False,5238,23800000,24100,13
Gursim Kainth,False,31200,8000000,208300,59
Q,False,6879,15700000,20600,10
N A T A L I E✨,False,13600,12300000,53000,56
Niall MacMillan,False,8084,16600000,25400,18
weturntfup,False,16000,16100000,46400,23
Samuel Grubbs,True,214600,169500000,433300,14
Lil Stace,True,70500,81500000,441200,37
Samuel Grubbs,True,59900,133200000,707400,18
Dev & Montyy,False,67300,51700000,150000,19
The Chainz Family,True,100900,149500000,1200000,13
Arshdeep Soni,True,14400,116300000,40900,22
FrenchSquadProductionz,False,171800,66900000,657200,90
Ronni,False,95100,83500000,60300,23
Nicolas Roman,False,35800,78000000,111600,14
Joey and Steven,False,20500,49600000,29900,73
Neil henry,True,17900,221100000,403700,15
ulisesbaby,False,72100,35600000,191400,8
Bob Reese,False,83000,54700000,199300,8
Samuel Grubbs,True,42000,48000000,268700,15
The BabyGirl,False,54900,161700000,197100,5
Kate Phillips,False,87100,34000000,309000,15
Diana Rantamäki,True,46400,69300000,633400,33
Dustin Phillips,False,33400,45000000,37300,25
BashTheEntertainer,True,118400,47900000,405000,53
Lil Stace,True,32000,30800000,118800,17
Lil Stace,True,70500,81500000,441200,37
deirdre elle mantua,False,40100,59200000,35900,57
FrenchSquadProductionz,False,171800,66900000,657200,90
DeBrezo,False,88700,44200000,102100,22
Dustin Phillips,False,33400,45000000,37300,25
Meaw,False,107500,36400000,202400,9
Ali D,False,67800,44400000,119900,16
BlackMarket_95,False,71200,49400000,270000,16
nderaxus,False,26200,31100000,110700,48
Alantae Nicholas,False,79800,25200000,361700,49
CUTE.PET,False,80400,44200000,320100,8
Sucklngs TV,False,57200,30700000,78800,12
28:06:42:12,False,87700,35400000,106800,12
✨Cardi B✨,False,64400,27500000,123000,8
Kyser,False,81000,66100000,84600,15
,False,115800,22700000,210000,10
itsoraida,False,37200,36200000,139200,15
longtimeladygaga,False,78400,25700000,110500,23
The Sicilian father,False,17400,36900000,211300,15
Alantae Nicholas,False,59400,27700000,219400,56
Daniel LaBelle,True,94700,78500000,238900,58
Manuel Mercuri,True,132900,118300000,362600,10
stefano_bron,False,118400,80100000,174300,13
Masacuata,False,78800,74900000,240600,10
Michael Jackson Cartagena,False,311100,82200000,679200,16
Mag Demon,False,102700,69600000,720300,8
Manuel Mercuri,True,56200,143000000,154100,8
Lori Greiner,True,136400,77200000,138700,11
Rosendo Duarte Jr.,False,36200,81200000,91500,15
Aiko y Keashi ✨,False,40400,52600000,190700,50
THALÍA,False,59600,44800000,134400,11
Lubalin,True,128200,43100000,1000000,48
Dilkash Dhany Ramnauth,False,108700,105900000,481700,56
holiwis BBF,False,100600,63900000,318200,10
Manuel Mercuri,True,61700,62800000,436100,7
josue soriano❤,False,66500,60000000,372300,14
sapo,False,129000,42100000,231600,23
Brian Parsley Speaker,False,34200,41800000,184500,42
Brian Parsley Speaker,False,15500,35100000,12900,30
Daniel LaBelle,True,57200,54000000,202700,31
Demi Bagby,True,73600,266800000,715500,16
Cute pets,False,137300,300600000,989900,10
cute_cheese,False,35800,144400000,192200,42
Robbie Crawford,True,197600,76700000,337200,8
Brodie Pawson,True,126200,198800000,303600,14
Chloé Mangin,False,120400,71600000,473100,10
funny_p.e.t,False,28800,72600000,138000,20
funny_p.e.t,False,40200,62200000,120800,45
DeBrezo,False,88700,44200000,102100,22
Josh Nasar,False,20100,68700000,97100,12
FAZ,False,65700,36700000,126600,15
Manuel Mercuri,True,61700,62800000,436100,7
Dj Sugue,False,20600,48000000,30000,33
Robbie Crawford,True,62500,64300000,153400,10
Shilpa Shetty,True,21900,115900000,196500,15
Bob,False,12300,51200000,10100,14
cute_cheese,False,32100,36200000,112100,28
Emre Balım | Sanat Sokakta,False,16800,64000000,56200,11
funny_p.e.t,False,31600,43500000,73400,49
cute_cheese,False,14400,41200000,58000,49
Bandit the Raccoon,False,151700,110100000,394000,10
Erika Thompson,True,257500,102300000,485700,59
user2888307153330,False,73800,67300000,82200,10
Sam Smith,False,105500,73000000,297900,10
Quincy,True,75400,61600000,170400,27
Jordyn and Jonathan ❤️,False,110200,40700000,157600,57
evedc18,False,150100,39200000,192400,59
Thomas Hamilton,False,91100,64100000,132400,180
ORIGZONE,False,50000,97500000,207700,11
The Parrot Lady,False,95200,57400000,458600,8
Angel Rai,True,111000,236600000,577800,12
joelmoaca,False,394000,87200000,399400,10
serovski_,True,106100,107200000,419300,48
joker.me1,False,151100,91500000,134100,30
Ariana Valeria,False,117700,36700000,381100,9
MING,True,20000,85700000,17900,58
Safari Sammie,False,106800,94900000,263200,61
Joshua Monis,False,47500,110600000,70100,57
Lindy and Jlo,True,21800,105500000,22000,8
comeatmebhai,False,86300,44200000,95300,13
Gabe Tyler,False,164600,120500000,398200,167
user2976086292756,False,79300,146600000,291800,15
Chiruzz,False,9326,14000000,2188,9
comeatmebhai,False,86300,44200000,95300,13
Relaxed Bryan,False,61000,144100000,721700,8
barbara,False,214400,26500000,127700,44
Mychka,False,73900,40300000,257900,10
ItzJosh,False,8919,47500000,9457,16
Betty Fletcher380,False,81600,27300000,176300,8
TONI ARIAS,False,81800,66900000,138300,7
,False,139500,33300000,468900,29
Simba Jones,False,24800,31800000,283200,46
,False,21000,30200000,84400,23
Mel,False,42500,25600000,97500,10
allthingsequestrian93,False,47100,31000000,206700,10
☹✎,False,44700,20200000,35900,14
AKUN INI DI JUAL,False,10100,49800000,17500,33
SYDNEYGRAY✨,False,35800,37200000,43200,15
Gizmo loen,False,81500,20300000,152100,7
CANCER MOON,False,170500,19700000,250400,51
Bob Reese,False,83000,54700000,199300,8
Octane clipz rl,False,70000,18100000,209700,8
,False,51600,18400000,57800,58
Gtadrawing,False,19900,14500000,64000,15
Jailyne Ojeda,True,8256,14500000,2071,30
DAILY MEMES|FUNNY CONTENT,False,19600,21600000,66600,15
The original meme guy,False,5671,16800000,14500,12
san,False,18700,16000000,79300,119
The original meme guy,False,3419,10900000,10600,11
Daily Memes,False,4000,14000000,2685,14
parcheroviral,False,5002,15800000,5235,33
memes,False,16400,15100000,91200,11
Brad Gosse The Comedian,False,4530,6100000,12700,45
Lewis Jackson,False,15000,11000000,44300,8
手形,False,31200,11800000,147900,5
CHOW,False,39400,4400000,120500,19
Daily memes,False,11800,13500000,91200,6
Noel,False,3239,9700000,32700,90
CEO of ✨memes✨,False,2234,5500000,5643,12
Victoria,False,2533,3900000,13000,41
Pj Bell,False,234300,71000000,616500,9
BTS,True,523700,81600000,684200,12
Gabe Tyler,False,164600,120500000,398200,167
Chiruzz,False,9326,14000000,2188,9
comeatmebhai,False,86300,44200000,95300,13
Marry Sheikh,False,59700,69900000,376700,11
Dilkash Dhany Ramnauth,False,108700,105900000,481700,56
Relaxed Bryan,False,61000,144100000,721700,8
barbara,False,214400,26500000,127700,44
✨Nathalia_1205✨,False,213900,25300000,245000,15
Betty Fletcher380,False,81600,27300000,176300,8
@arbaz__shaikh,False,23800,64000000,152300,8
Felipinho Street Son,False,20900,43500000,52900,29
,False,139500,33300000,468900,29
rawrboi,False,29600,42800000,35700,6
Simba Jones,False,24800,31800000,283200,46
,False,21000,30200000,84400,23
manlikefatz1,False,49800,22900000,252600,59
Mel,False,42500,25600000,97500,10
Eli Wingert,False,23400,22500000,22600,19
Outfishing_b.c,False,132300,212200000,171200,9
Twiniboo,False,407300,145400000,1000000,36
Adrian Kozakiewicz,True,181500,231200000,259700,14
pet,False,115600,235000000,347500,21
Funny Vids 2k21,False,233600,227100000,1300000,7
Samuel Grubbs,True,214600,169500000,433300,14
미소아라 Miso_Ara,True,66000,200600000,377700,17
Erika Thompson,True,215800,132000000,298700,59
미소아라 Miso_Ara,True,45700,178300000,629300,13
MINECRAFT_NOON,False,105100,177500000,500000,30
Yizhou,False,131800,215800000,504500,58
Erika Thompson,True,257500,102300000,485700,59
Or Zuti,True,86100,243800000,281300,11
Funny Vids 2k21,False,170600,127700000,621700,7
♥️ Artist boy️,False,30600,150700000,196700,21
Hunain M,False,178800,76900000,673200,10
Cassie Furlong,False,27300,100500000,40800,21
Matt Corry,True,65700,191400000,341900,16
BRIAR CARES,False,384800,130100000,468800,11
user99961825434,False,150700,117700000,394000,12
British Promise Cats,False,467000,299500000,2800000,13
Chipmunks of TikTok,False,401700,279900000,1200000,15
Spencer West,True,528800,259300000,1200000,8
원정맨 WonJeong,True,253100,181200000,275300,11
Abram Engle,False,309500,196100000,975900,12
Twiniboo,False,407300,145400000,1000000,36
Luke Taylor,False,187500,121600000,194400,34
Goat Daddy's,False,242900,177600000,953900,59
Eduwoes,True,106000,135300000,69600,44
원정맨 WonJeong,True,262100,170500000,303700,13
원정맨 WonJeong,True,244100,189900000,375600,12
Noel Quidlat,False,263100,126000000,170400,17
Funny Vids 2k21,False,233600,227100000,1300000,7
Kapsalonfreedom,False,308900,354800000,379000,59
,False,154800,167400000,314100,10
Samuel Grubbs,True,214600,169500000,433300,14
INOXIA,True,100600,165900000,368000,59
Krystle Klear245,False,256600,204400000,543800,54
Elie Feghaly,True,391100,140900000,508600,14
L Λ I K Λ,False,115100,252100000,204400,18
Cactus Choir,False,136900,141200000,486100,34
The Chainz Family,True,100900,149500000,1200000,13
nytiss,False,573100,74300000,52700,34
NDJ,True,63800,68800000,104400,19
@Jordi.koalitic,True,26100,76300000,104400,11
Manuel Mercuri,True,56200,143000000,154100,8
Zach King,True,26300,61300000,92600,14
Spencer Rubin,False,18000,35800000,51100,8
Mixtape World,False,29500,59000000,237400,21
NDJ,True,62500,55800000,59100,11
Salavat Fidai,True,12400,57400000,16800,15
SUPERMASSIVE,True,60900,51800000,278800,30
₉⁹₉,False,22800,40000000,17600,21
NDJ,True,20500,61200000,21900,10
Sarah Cothran,True,59400,44400000,149800,20
Stars,False,17000,50100000,77600,36
Fredo_voutaz,False,133000,47900000,229700,9
Spencer X,True,20700,46300000,159500,30
⚡️Jaaviisuarez⚡️,False,143900,45000000,299400,37
@Jordi.koalitic,True,10100,56300000,136900,26
Shaquan Parson,True,66900,62000000,80200,14
Happy Trollface,False,59700,50800000,78200,25
Deanna Giulietti,True,15800,44300000,12900,33
Clara Thomas,False,43400,32500000,156400,55
,False,99400,36000000,190600,9
boomer_the_landcloud,True,69000,46200000,426100,12
Jennafer Salisbury,False,34500,30800000,282700,12
The Talking Dog,False,22500,38800000,146400,18
Tortoise Whisperer,False,19000,27900000,47500,57
Tysm all for the support,False,47900,29800000,26000,32
Lauren Fleming,False,32700,35700000,41900,13
Togethxr,True,49300,41900000,281300,16
PANDA BOI,True,45300,58400000,13500,19
,False,104500,21600000,252100,7
Wesley Owens,False,29800,33600000,55000,72
PicassoAndNewtTheNoseless,False,359400,64300000,406500,10
Illumination’s Minions,True,35300,28000000,33300,6
Artem von Frost,False,32100,27800000,177100,7
Mark Ernst,False,29500,22700000,37400,15
grace pakola,False,33400,19000000,23000,52
Rosie Somerville,False,80200,94100000,81300,53
Nickelodeon,True,98100,56000000,178700,16
Jaadiee,True,62500,55800000,181000,13
Deanna Giulietti,True,15800,44300000,12900,33
Shay,True,71300,34000000,50700,21
Mood,False,154300,36800000,119900,12
Ceci.monge,False,121500,23100000,82100,57
FarrisFilms,False,36000,41000000,30000,23
Vanessa Chen,False,17000,54000000,34100,24
Dymon,False,81800,19100000,83500,15
Denise Mercedes,True,34800,37600000,56600,15
Shay,True,63700,21500000,82700,25
Sh1ryinyin,False,74000,43500000,271900,31
Shay,True,27600,30900000,19000,27
ELF3141592,False,34300,53200000,36400,19
Anna Gantt,False,79500,31600000,59200,172
Mikayla Nogueira,True,22500,24500000,63800,59
Erin,False,29800,22800000,79400,59
Denise Mercedes,True,27800,37500000,34200,15
Minh Nguyen,False,13200,37700000,75700,19
Charlena Aquino,False,179000,26900000,154700,7
Diego Alejandro,False,17000,41300000,90900,23
Ольга Бажутова,False,16500,15400000,14400,12
What The Hales,False,7006,82900000,8878,60
ThoHup,False,19700,22200000,74900,32
What The Hales,False,5173,78700000,7428,60
Shelby,False,24900,11100000,121100,11
ti.kiahyna,False,13200,68800000,21200,60
Jon,False,1346,35700000,4546,21
Mochi,False,11100,31400000,19700,15
Mateus Pain,True,5772,23600000,47200,11
Isai,False,4349,13100000,10900,8
⚡Abhi015⚡,False,1155,17700000,11300,18
What The Hales,False,2186,51700000,3064,60
The Gooch,False,53500,43200000,215600,13
Erik Deloera138,False,18900,14200000,10900,30
hey_pablo11,False,7169,8800000,4557,49
Coin System Player,False,1922,26300000,1536,60
Ladyquinn,False,1395,9600000,2563,78
ti.kiahyna,False,5673,40200000,14200,60
_cikdaisy,False,56700,47300000,200700,49
jk007,False,32100,21400000,33900,8
Damian Kater,False,11300,15000000,11700,9
sash,False,6949,18800000,37300,15
Miki.eterna,False,8869,47100000,71600,15
Junyao Liu,False,4961,19900000,10700,8
Jade Harmon,False,19500,21400000,67000,17
Miki.eterna,False,4592,31400000,19700,8
miki.infinita,False,14200,36100000,36200,11
miki.infinita,False,15900,34700000,66700,17
蒙| •シ︎,False,3031,13800000,1566,24
Kylie Xavi and Mama,False,0,22000000,42200,31
Maple,False,8341,5800000,28900,9
miki.infinita,False,11500,42600000,77200,9
Kawaii_fox_tyan,True,9311,10900000,15700,15
miki.infinita,False,10200,21300000,6047,21
Lindsay,False,12800,8500000,30000,12
Instant Bollywood,True,1369,28100000,4639,14
Matir No Matter !,False,7552,9800000,3231,86
miki.infinita,False,8964,31000000,17400,6
What The Hales,False,7006,82900000,8878,60
The Gooch,False,53500,43200000,215600,13
Thema Williams,False,18000,23300000,49300,6
RESPECT,False,2458,24700000,17300,12
DapperDogs,False,10200,5900000,65900,5
The Gooch,False,2348,10900000,3833,29
DapperDogs,False,7225,3300000,50700,166
Jose Pedro Assler,False,8782,4800000,16200,81
King Gallardo,False,27900,8700000,14700,172
BLASINI,False,4069,5400000,51400,17
humatic,False,6049,8500000,21800,29
fredericklia36,False,2058,4100000,4833,20
_Lili_edits07,False,20400,4600000,49500,58
fitzsimmons,False,1529,2000000,4175,36
fredericklia36,False,2308,10000000,32400,19
ANIME_Naruto,False,734,14100000,2237,43
Pυɾҽ Eɳƚҽɾƚαιɳɱҽɳƚ…,False,3991,2300000,4940,56
benjaminviu,False,3297,2700000,4248,218
Kevin Peña,False,2338,5600000,1471,10
TÔ DE GRAÇA,False,20600,3800000,23200,8
What The Hales,False,7006,82900000,8878,60
Ricardo Cruz Liga,False,9191,13000000,45400,6
Jacqueline Contreras,False,5320,6700000,15100,23
emba,False,10100,10500000,2091,22
King Gallardo,False,27900,8700000,14700,172
humatic,False,6049,8500000,21800,29
fitzsimmons,False,1529,2000000,4175,36
ANIME_Naruto,False,734,14100000,2237,43
benjaminviu,False,3297,2700000,4248,218
Xiao xu,False,555,28000000,1570,14
Damarje,False,2122,5700000,621,59
isi,False,29700,2600000,2449,8
Joyce,False,119100,2900000,5641,12
King Gallardo,False,14700,5000000,6527,195
Carlos Antonio Trebejos,False,2084,6200000,37000,18
Фан шпульки и карнавал❤️‍,False,529,1100000,1345,117
میاں واجد ریاض,False,3894,11000000,10900,14
Joyce,False,106500,3500000,4498,8
pinkzz pinky,False,4593,4500000,3531,12
Antonio Millage,False,10700,3500000,89700,23
Edmund,False,36300,63000000,44900,21
Connor Edwardo Harmano,False,22000,43700000,8889,50
Everything Animals,False,42500,46100000,44300,11
Edward Punales,False,33700,26000000,124300,42
,False,30000,49300000,20500,26
mndiaye_97,True,32200,28500000,224400,71
PANDA BOI,True,6283,59900000,4190,18
Riceman,False,78100,50300000,34500,31
Remitan レミたん,True,15900,21800000,48400,8
Edmund,False,14400,30700000,9430,21
Brian McEvilly,False,21300,19300000,40700,39
⚖️ The TikTok Attorney ⚖️,True,20100,70400000,14000,28
Aaron Vankampen,True,13900,21600000,25600,57
Krysten Mayers,True,15400,21400000,12500,44
⚖️ The TikTok Attorney ⚖️,True,13800,43000000,4527,18
Krysten Mayers,True,18500,21900000,28300,41
Lawyer,True,31300,18400000,160200,14
Christopher Gillette,False,13400,19200000,16300,180
,False,136000,30900000,277400,27
jack neel,False,15200,16400000,24500,70
Jen Le,False,6041,5700000,73400,18
Tori Dunlap — Money Expert,True,2508,4300000,16900,51
HaleyMermaid,False,278,2900000,167,35
HaleyMermaid,False,325,2600000,161,24
Ａｍｂｌａｄｅｒｃｅ,False,0,6100000,1158,19
Black Girls Graduate,False,8056,2000000,22700,14
Katelyn Magnuson-Millennial,False,4617,1800000,8421,59
Vero Beach Mermaid,False,1915,4300000,636,15
Tori Dunlap — Money Expert,True,1724,2300000,10200,11
Tori Dunlap — Money Expert,True,1089,1900000,819,15
any trou,False,3223,1400000,3634,13
HaleyMermaid,False,291,975800,131,40
Dr. Dorender Gray,False,4001,955300,5407,59
elyseveronika⁷,False,1734,1000000,1228,50
Valegard,False,677,1200000,892,12
“Cow” boy,False,3662,2600000,5268,20
ohshells,False,2720,658900,7059,24
Kirsten Warner ❤️,False,303,14100000,251,25
The Boss Wives,False,508,975300,7397,41
Katelyn Magnuson-Millennial,False,5654,1500000,10200,54
THE BLONDIE BOYS,False,17600,33900000,41500,31
ApolloandFrens,False,16900,21500000,37100,21
Liondad87,True,13200,21300000,15300,55
thecarolinafarmer,False,11700,23000000,16800,52
DIY Queen,False,8765,24300000,176600,39
Sambrum,False,42600,24800000,64200,24
xiaomanyc,False,2930,17400000,20300,13
RJCDoodles,False,8505,13900000,86200,11
Alejandro Zuluaga,False,6545,18300000,15400,42
joostinonline,False,16200,14400000,222000,44
Mark Schenker,False,11800,8300000,29300,10
stranger,False,825,38800000,4999,32
Math Academia,False,23000,12200000,30900,45
Wes,False,38300,9100000,113700,51
Zachary Alexander Rice,True,20500,8200000,33100,48
brianwen123,False,19100,12200000,33900,27
Zachary Alexander Rice,True,9293,10300000,19000,32
Giselle,False,6150,9700000,8488,15
IOHA,True,9991,17600000,37600,32
THE BLONDIE BOYS,False,6562,8400000,40800,37
Seema Pankhania,False,3970,3800000,1928,57
Anderson Bluu,True,624,2600000,2029,25
ARC English,False,2576,7500000,6129,15
TED Talks,True,115,181300,237,110
Ong Squad,True,7020,26000000,44800,67
Get Adjusted Now,False,3623,16300000,16400,8
Math Letters,False,7432,9600000,50900,77
problemsolved,True,951,2600000,1052,59
Bowser,False,220,2400000,188,40
"Betsy Grunch, M.D.",False,4396,4100000,41100,52
Jai Loft,False,817,5300000,1883,15
Dr Charles MD,True,992,3600000,9256,14
History Fellow,False,1415,1500000,1353,80
Josh & Matt,True,277,3100000,297,19
Luxan,False,781,4000000,9557,31
Odd Animal Specimens,False,5528,4600000,2577,39
problemsolved,True,56,65600,42,50
Khabane lame,True,86700,194600000,141100,17
Khabane lame,True,113000,157300000,72600,19
Thepoolguyml,True,106200,153000000,82200,52
Khabane lame,True,333700,352200000,357300,25
Khabane lame,True,216800,298200000,225900,17
Khabane lame,True,201300,276500000,275500,25
Khabane lame,True,189400,279500000,494800,20
Khabane lame,True,153600,155000000,104700,45
Khabane lame,True,86700,194600000,141100,17
Khabane lame,True,153900,237000000,240200,20
Khabane lame,True,108900,187000000,1700000,40
Khabane lame,True,152500,180700000,94900,15
Khabane lame,True,85800,147500000,50200,24
Khabane lame,True,108100,171200000,169200,16
Khabane lame,True,110900,185300000,204500,25
Khabane lame,True,63200,123600000,71500,20
Khabane lame,True,105900,168700000,137100,23
Khabane lame,True,76600,177900000,106800,15
Khabane lame,True,76700,156000000,104700,26
Khabane lame,True,110900,174400000,83700,26
Khabane lame,True,99200,143400000,39900,14
Khabane lame,True,70500,119600000,60400,10
Khabane lame,True,100400,95800000,101900,22
Harvey Bass,True,113800,92400000,1300000,15
Rick Azas,True,84700,89400000,801500,10
MING,True,10500,69400000,30900,49
MING,True,30900,44100000,116900,20
MING,True,14200,71000000,33700,58
dylanpawson,True,18000,47900000,34400,18
101mukesh,False,7342,56200000,158900,13
Lorena,False,20000,24000000,108400,58
MING,True,7696,35800000,16400,59
Luca & Friends,False,82800,21900000,122700,8
Kajsa Alte,False,86800,23100000,288800,12
Brodie Pawson,True,35000,41500000,81700,20
Dr. Tim,True,18900,37900000,71600,15
DADDY MING,True,10200,32000000,43700,20
MING,True,5875,36400000,9707,34
Edward centeno,False,7309,37600000,615200,34
prince,False,10700,56400000,103200,10
Grace Page,True,16600,51600000,47000,15
Mady,False,13500,48500000,114000,9
Harriet Pavlou,True,11000,76200000,80700,14
Spencer X,True,94400,226300000,167100,16
Or Zuti,True,86100,243800000,281300,11
Haley Blazek,False,53500,66100000,323500,44
Grant Rigatoni,False,213600,66800000,355200,7
Joey Klaasen,True,21100,126700000,80300,10
Kirya Kolesnikov,True,74900,159000000,155800,57
Doby & Blue - Corgis,False,36100,131500000,162000,10
Nyyear Price,False,36000,173200000,29700,26
Spencer X,True,15600,146800000,72100,11
Kirya Kolesnikov,True,94600,136700000,108500,26
Dev & Montyy,False,67300,51700000,150000,19
Mike Hammer,False,44200,138400000,297700,59
Spencer X,True,20500,105800000,67500,9
Shayan,False,108600,74200000,537400,17
Fitness Tonya,False,52900,187700000,76300,21
Joana & Kelvin,False,82400,58100000,128800,37
Topper Guild,True,23200,100800000,56000,28
Appie,True,37500,118800000,78100,17
Fitness Tonya,False,33400,130200000,47200,21
Kirya Kolesnikov,True,42800,57400000,18500,44
Samuel Grubbs,True,214600,169500000,433300,14
activesufi,False,50000,140800000,68500,8
David Beck,True,116700,185200000,225300,11
K9 Arlo,False,201600,100500000,404400,53
GnB,False,66500,85000000,291600,59
Hanya Ismail,False,256900,172700000,541100,10
EmIly,False,256000,43800000,759300,9
Dimpey,False,135100,58200000,591600,59
Prokop,False,335900,73500000,773100,10
Whamoscruz01,True,273200,98400000,464500,35
ohhyejin,False,134700,118400000,113000,13
Thistourettesguy,True,187200,73300000,768600,59
The Chinfluencers,False,73900,56100000,243700,5
Shaquan Parson,True,66900,62000000,80200,14
Devon Rodriguez,True,69200,58600000,91300,58
alexanderjo91 ✌️,False,47900,173300000,18800,120
CS99TV,False,15800,111800000,20900,23
Samuel Grubbs,True,103000,65200000,190400,18
The Carlin’s,False,74900,63200000,279600,144
The Chinfluencers,False,54500,61700000,197000,11
Terrible twins 69,False,15800,39600000,46600,14
Jo Gma Beck,False,8819,51400000,5930,47
KaydeeBug,False,50800,25000000,40300,22
yo ying,False,40100,19800000,146700,37
DANIEL MACHI GOLD,True,13600,27100000,40400,60
Kellysalpeter,True,18400,19100000,77300,67
Miyaeva Renae,False,20500,10900000,83600,59
Lindo,False,32300,16500000,12700,29
shayna,False,23400,8300000,13700,34
Kellysalpeter,True,23200,15100000,16500,81
Tik Toker,False,31300,24400000,115700,19
Amy Boiss,False,5985,27100000,16100,58
,False,12300,24600000,14000,19
Will_n_JaeEats,False,9212,33900000,23200,11
HughG_Wrecktion,False,10300,7200000,27300,25
Reaction Ryan,False,5020,31000000,33400,8
bayla,False,7477,11300000,13400,8
TheNataliniShow,False,5542,29900000,2498,60
dailypranker,False,876,4200000,2273,28
Funny videos,False,26300,24600000,12500,10
Sara Matthews,False,250800,162200000,922600,12
cute_cheese,False,35800,144400000,192200,42
IamPéts,False,55300,106100000,323000,25
Jenny Nelson,False,123000,79600000,1500000,21
Gangrottie,False,77800,87900000,312600,12
LunaTheFluffyPuffy,False,85500,60300000,463200,10
boscoandhisbigstick,False,52200,57800000,333100,17
funny_v.i.p,False,52700,93200000,455500,41
joker,False,101400,47600000,342600,162
funny_p.e.t,False,28800,72600000,138000,20
funny_p.e.t,False,40200,62200000,120800,45
FootballAdvanced,False,53800,93200000,279900,11
Hecate cat,False,81300,46500000,181800,10
Joey and Steven,False,20500,49600000,29900,73
Memes We Love ❤️,False,56200,51300000,263600,12
Josh Nasar,False,20100,68700000,97100,12
Outsider,False,95200,46800000,311300,32
El Calentano,False,74900,110900000,447600,13
BettyMae Labadia,False,175600,72400000,279800,16
supercats,False,77800,82600000,183900,15
Min,False,88000,46000000,51400,40
Jo Gma Beck,False,8819,51400000,5930,47
Kat,True,54900,43200000,418600,54
Oregon-babe,False,55,73300000,368200,15
Hans2022,False,13500,37200000,6302,206
dot_fvnky,False,8103,41400000,25600,44
Mini,False,715500,22200000,433900,9
Gunjan,False,14400,25800000,163000,42
Viddd.,False,15300,42500000,33400,43
Brian Pendleton,False,37500,23200000,250700,9
Zahid Khan | زاہد خان,False,4539,74700000,88300,13
dot_fvnky,False,13200,35300000,46600,40
Popstar evolution,False,8261,17300000,10300,14
LEYGMAN.,False,2910,42700000,109900,12
Metzi✌,False,13000,15800000,36500,19
randomdudewithrandomvideos,False,45400,16900000,82300,150
J@y@,False,27800,18100000,43700,15
Mariam’sFungibleBunch,False,12200,24300000,70500,15
Lynea D'Aprix,False,60300,16000000,45700,55
DerEineMario,False,10400,8800000,21000,22
kado,False,9616,16900000,46900,31
TED Talks,True,74,163700,1172,96
Sam and Monica,False,11700,12500000,34100,36
Lizzy Vee,False,12500,11500000,55200,15
Hannah & Regal,False,2297,10300000,22700,20
Ask Kimberly,True,4758,7700000,4231,75
Jiayang,False,11000,5800000,25500,44
Lexi Natoli,True,1659,5200000,9344,22
King Trout,False,9471,8300000,70600,28
Hannah & Regal,False,2317,8400000,5882,16
Bryan,False,135400,50100000,377800,58
LGNDFRVR,True,35800,78300000,138600,41
LGNDFRVR,True,43700,65300000,231600,27
Brandon Robert,True,40800,43200000,59300,42
TAYLOR & SOPHIA,False,60200,50000000,98600,96
Roseykoifish,False,75900,29700000,208800,57
TheRealHammyTV,True,53500,64100000,198500,13
Kyle and Jade,True,42700,35100000,142300,51
Janelle & Kate,False,22600,53800000,122600,58
TheRealHammyTV,True,50600,65300000,397100,16
intrepidfred,False,53700,9500000,34000,126
Smile When Awake,False,2499,3400000,7739,33
Koko,False,11900,2400000,30100,8
Courtney <3,False,15600,1300000,17900,8
@Jondo_جوندو,False,247,1900000,612,28
☆Random things☆,False,11800,1100000,8742,14
venividivicifactotum,False,1923,1200000,7525,60
,False,79,2400000,462,13
miklosmaheu,False,2674,1400000,534,12
rehankhan.14,False,166,1400000,15900,10
AWM,False,2112,745300,2632,26
rehankhan.14,False,73,1500000,13400,10
,False,5528,471000,9339,9
alana,False,5153,418200,4569,8
✨Leave✨,False,9654,622800,4192,6
Vincenzo,False,1382,1600000,2614,5
‍CONTENT CREATORS‍,False,100,754300,180,43
Vincenzo,False,266,822400,643,6
aarti ❤️,False,707,1100000,844,47
noresS,False,839,373800,596,36
Hassanalhajjaj,False,33300,15400000,54300,9
Aaron Parker,False,11700,26000000,10400,7
Quin Stott,False,3958,3100000,2385,17
Razi Khan,False,4635,8800000,118900,39
Razi Khan,False,4652,7500000,67300,54
Hassanalhajjaj,False,16500,4900000,41100,10
Ulboss,False,1975,2700000,2503,22
Razi Khan,False,2849,4500000,37100,44
Razi Khan,False,2659,6200000,58500,25
robin.rhodes1,False,875,10800000,51800,5
Nancy Gonzalez,False,4112,3500000,15100,15
Jennifer Conforti,False,1357,3200000,933,13
Marissa Arnone CPT,False,442,1800000,6639,24
Harriet Pavlou,True,2076,6200000,866,12
eims,False,2284,2800000,34900,51
Lisa,False,5822,2600000,1234,6
Indy l Life Coach,False,69200,1700000,3494,50
Razi Khan,False,2375,4700000,55000,41
Cali Baby,False,2014,1800000,8851,73
Neki ☺️,False,8184,1900000,308,6
William Li,False,1947,13300000,3760,12
Janet Lecuona,False,1393,2800000,2163,19
Chantz Ramos,False,487,1800000,1698,48
allie bennett,False,2583,3600000,4201,40
Noel Deyzel,True,1652,3900000,1504,11
Amaury Guichon,True,9787,34600000,23000,60
lex_hess,False,2974,2300000,3032,57
Yahya Bashir,False,4296,3800000,12700,13
ubrZati,False,438,1900000,419,7
Tim McGraw,True,2367,3000000,24100,56
maddy,False,1849,3700000,4857,43
NaomiRenea,False,674,2300000,9101,8
Ashton Kotlar,False,334,6600000,313,9
Danielle Jackson,False,1179,2100000,3396,48
Banksy,False,475,2300000,1893,26
Bev & Haily BeatBoxing Fitness,False,576,2100000,4021,18
lexieherod,False,579,3200000,1213,15
Adam,False,1247,2000000,6911,27
Minny Hustlers,False,981,2100000,4914,17
Biagio Lazaric,False,1900,2400000,3665,10
sgretols,False,82600,115400000,73800,13
controldevil0,False,135000,107600000,141300,8
Sherein Abdelhady ⚡️,False,38600,42400000,64700,26
Kara Lewis,False,49900,42300000,18200,60
MamaSwole,False,36200,59000000,65100,27
GrinchTok,False,19600,63500000,188300,19
The Johnson Brothers,False,44500,30400000,248800,53
GTELLO,False,23400,42300000,49100,20
Evgen Sein,False,37600,74800000,78900,18
caraline rose,False,23600,30200000,12900,7
Mike Caponera,False,43900,19700000,38500,52
Gutiérrez Jennifer,False,12900,24300000,25600,15
Sully,False,58600,22800000,64000,15
Average Quad Guy,False,18600,25200000,94600,64
אלוף הסרטונים נודר,False,7963,62100000,18400,96
taha.,False,72000,27300000,69800,5
Duy Đức,False,16500,47000000,36500,18
user1468626853971,False,33500,87200000,256100,10
R.Cumpio,False,28300,27900000,61900,14
justfitjustice,False,18100,45400000,24100,29
Missgoyal,False,3607,37600000,114300,13
iamsurvivingvegan,False,8484,12700000,21300,15
SAURABH GOOMBER,False,8139,27900000,387600,59
ashley.carter4,False,3985,5600000,15300,14
user8347682949853,False,3063,2800000,14600,59
Toni,False,9401,3100000,67600,54
Priya Sharma,False,2623,3500000,41100,45
Josh Adams,False,3468,7500000,56000,37
Amy Chang,True,2059,3000000,38000,34
SAURABH GOOMBER,False,2560,7500000,139200,59
Jsuper Kaur,True,1112,4200000,12500,48
Dtra. Isabel Moscoso E.,False,3797,3000000,32000,38
Didi Baini Limited,False,1002,7700000,77500,15
SAURABH GOOMBER,False,1092,4200000,65200,26
Lisa P,False,3263,2200000,34200,46
SAURABH GOOMBER,False,978,6800000,4906,58
marcella.nash0,False,367,14700000,71800,6
Jsuper Kaur,True,766,3200000,31000,40
jessie.parsons0,False,532,12200000,55300,5
Gaurav Jain,True,415,794000,94,53
Ryan Izquierdo,False,93200,81800000,262000,12
Brittany Negler,True,97800,57600000,194600,55
Darion George,False,39900,14800000,48800,36
DANIEL MAC,True,6830,29300000,12700,59
♐︎,False,139200,12800000,423900,14
Richard M. Spencer,False,30900,27600000,726000,58
Nicoowwcars,False,27800,20600000,44700,26
,False,38200,12600000,36600,9
KengiBeLaughin,False,24600,11800000,96800,47
nabela,True,15100,15200000,31500,16
sofiakralow,False,25300,21500000,42500,12
MonacoLuxuryLifestyle,False,7826,50200000,16600,9
MonacoLuxuryLifestyle,False,19600,26700000,59300,11
Steve & Meredith,False,4425,17400000,39300,8
billy,True,19400,15400000,31200,24
Pilot ✈,False,12900,47300000,19700,15
CHOMElive,False,43600,49000000,87200,170
Sarah Dame,False,51600,10900000,103500,29
kerry & ju,False,8865,11200000,31200,14
Summer ✌️,False,47000,19600000,121500,31
Leeanna Thomas,False,250300,127700000,448300,18
dr ryan,False,38700,150200000,25400,26
Joshua Monis,False,53900,103900000,79700,56
Joshua Monis,False,47500,110600000,70100,57
Miyaeva Renae,False,29800,40600000,100000,59
Noemi Nikita,True,30300,82800000,23700,15
Skincare trial,False,41800,122300000,106700,38
raffray01,False,85200,61700000,72100,36
Joshua Monis,False,57500,40800000,22000,58
Miyaeva Renae,False,24100,34700000,49400,59
kaeli mae,True,35200,40500000,60600,41
TheSalgueroFam,False,20200,51000000,36100,26
Victoria Lyn,True,38000,42000000,66100,56
Layal Assi,False,83500,49000000,122100,57
Joshua Monis,False,53200,35500000,33400,57
darcey angel,False,28100,63900000,25900,15
Miyaeva Renae,False,18100,29500000,83400,58
Nadina Ioana,False,22200,39700000,19500,43
Emily Samantha,False,25800,21900000,39000,59
GenoaSkin,False,17900,57200000,54700,14
Flexwitlana_,False,69,79600,291,15
bballiq,False,17,48800,148,23
Mary | The Joy Coach,False,87,81900,1626,90
Raijay Jason,False,36,54500,377,25
Océane Andréa,False,14,40200,0,5
CARMELA,False,31,71700,188,55
Mohammad Malallah,False,156,51800,154,356
Mary | The Joy Coach,False,22,35300,553,58
makenna,False,19,21300,255,25
atomicblonde,False,0,9225,0,9
Mary | The Joy Coach,False,34,20500,384,59
Mary | The Joy Coach,False,33,21700,444,89
,False,76,17000,65,15
Sami Clarke,False,2,28000,52,13
Teagan Dixon,False,6,20700,109,27
Life By Mel❣️,False,25,27300,13,15
FitOn,True,5,18700,152,21
Justtcocoo,False,0,32500,73,15
Mary | The Joy Coach,False,35,15600,210,74
̶D̶J̶ ̶G̶L̶E̶N̶N̶E̶R̶ ×͜×,False,17,9544,2,11
Football265✔,False,49900,123200000,211500,17
nekao_official,False,78700,79300000,24100,58
CS99TV,False,15800,111800000,20900,23
Football,False,79800,52500000,117800,15
TNX Football,False,19400,99600000,71400,50
Manchester United,True,59700,88100000,78100,7
FootballAdvanced,False,53800,93200000,279900,11
sport_moment,False,23300,65100000,132300,15
Nguyễn Hùng,False,29800,85100000,33500,22
Tuvok12,False,11300,68100000,12600,33
Tuvok12,False,5653,76100000,9101,25
FB.Tv,False,35500,69500000,178200,12
CS99TV,False,16700,88700000,8606,23
messi.magic,False,19200,54500000,27300,26
_idlaw_,False,9916,96200000,4218,57
JOACHIM,True,40300,49800000,41000,24
Football Freestyle champion,True,30600,69600000,26500,39
Footballtobreathe,False,36300,91500000,26200,0
Manchester United,True,32400,63200000,155300,0
FUTT.4K⚡️,False,20000,43200000,87200,41
You1stlondon,True,9827,25500000,54800,11
aaron.gasparotto,False,5842,13300000,18000,31
Abby,False,3330,10500000,3744,154
Topofthefoodchain,False,6437,10300000,17700,15
Camilo,True,7341,15100000,10600,15
Patty,False,10300,10600000,12500,15
Its.sienna_,False,2698,9200000,74000,24
HarteSisters,False,6361,11200000,123600,51
enjoy skateboard,False,2726,9400000,1608,35
Siddharth Rai,False,742,15500000,564,19
The Vijay singh,False,3043,8700000,4504,16
Melissacapp,False,6475,13500000,76400,8
Siri Price,False,3253,5100000,10700,15
Majah Resuello,False,3303,8000000,21300,23
You1stlondon,True,2004,7000000,13300,11
Vicky Plamenova,False,6458,7200000,36200,15
You1stlondon,True,2579,10000000,4276,12
A L E X A N D R A  Y A E G E R,False,8774,18800000,88800,15
Jason Derulo,True,2797,6900000,20700,14
Tyler Csatari,False,1352,4100000,911,31
Matteo,False,6477,26400000,7750,8
Matteo,False,7215,29200000,7191,6
Eva Koper,False,6884,19700000,5163,10
Jalal,False,3903,16600000,13400,15
Jalal,False,7710,12100000,13900,15
Kyle McGran,False,16700,60400000,122600,26
mia challiner,False,6397,9700000,1535,10
Liv Kaplan,False,3351,11400000,11200,20
Jalal,False,4120,11200000,7021,15
wellnessbykay,False,6001,16300000,187500,59
Josh Kibbey,False,6878,8800000,23600,8
gatherednutrition,False,8113,8500000,10400,13
twincoast,False,4861,8800000,4350,11
Eva Koper,False,3585,9200000,4889,12
Surthany hejeij,True,9286,12100000,11500,50
Marina,False,10600,14200000,3494,9
SurvivalMattin,False,34300,16900000,73900,7
christyleefit,False,2202,7800000,2630,15
Emados,False,13000,11300000,9026,169
Marina,False,12000,10600000,10200,9
ThatLittlePuff,True,117600,298500000,120500,26
ThatLittlePuff,True,92300,102500000,65600,25
ThatLittlePuff,True,14800,145300000,40500,29
ThatLittlePuff,True,20600,136600000,28600,24
Ms Shi & Mr He,False,39300,84300000,403000,44
simplefood4you,True,40100,84600000,687500,17
ThatLittlePuff,True,30800,45600000,15400,29
Just brad,False,56200,59300000,101400,39
Cici Soriano,False,30800,35300000,756600,58
simplefood4you,True,27000,81000000,358600,24
Gordon Ramsay,True,60600,25200000,61700,59
Foodqood by Giallozafferano,False,37100,47400000,122300,22
HoneyBobaBear,True,20900,23000000,422100,59
Joshuah Nishi,True,14500,30900000,342600,58
Abir e sag,True,40300,23700000,25100,59
Wick’d Confections,False,24600,24700000,29100,60
HoneyBobaBear,True,2818,35700000,7483,44
Shereen Pavlides,True,18900,28100000,347900,43
HoneyBobaBear,True,16500,18100000,78800,48
Gordon Ramsay,True,14000,24000000,31900,41
,False,154800,167400000,314100,10
Sam Way,True,143100,132500000,209300,52
ROMINA,True,14900,138900000,16600,30
Julianne Gouvea,False,32400,51300000,36000,60
Ms Shi & Mr He,False,39300,84300000,403000,44
GetDownWithSeanAndMarley,False,69200,81300000,209000,19
Sam Way,True,82900,61100000,42200,53
Josh Harmon,False,10600,93600000,27500,24
simplefood4you,True,40100,84600000,687500,17
Jessssie Gov,False,167500,39000000,201200,15
Sam Way,True,64600,37700000,64400,58
metadigital,False,33100,92300000,115300,126
Sonny Hurrell,True,43300,40800000,343800,59
Just brad,False,56200,59300000,101400,39
Carvell,False,43200,28500000,137700,15
B. Dylan Hollis,True,41700,26200000,219800,44
Bella Avila,True,39400,66800000,86100,33
Big man cooking,False,14200,72700000,89000,33
Thetinychefshow,True,62900,32000000,207000,32
rafael,True,24000,82400000,30700,25
Sam Way,True,143100,132500000,209300,52
ESHA,False,56500,66400000,57900,24
Pizza_4_Me,False,46700,82800000,87300,22
Sam Way,True,82900,61100000,42200,53
raising.wildlings_,False,52600,50800000,425700,14
nina,False,42800,36300000,355900,29
simplefood4you,True,40100,84600000,687500,17
Shannon,False,7927,82500000,4603,30
Sam Way,True,64600,37700000,64400,58
Foodie,False,21100,150900000,478100,19
,False,73700,54100000,144500,33
Julie & Bella,False,21800,26600000,86900,58
simplefood4you,True,27000,81000000,358600,24
Mara Brown,False,124400,19800000,180200,59
JuanDeMontreal (PakBambang),False,31100,46900000,13800,59
TUBA GEÇKİL,True,64100,33600000,62800,19
Sam Way,True,30100,31800000,24300,56
Pizzazz master,False,17700,36700000,17900,10
Cugini Pizza,False,45500,38900000,70200,39
Marcel Monroe,False,13100,18000000,35700,55
バヤシBayashi,True,141800,302300000,189500,59
バヤシBayashi,True,121300,243700000,244800,59
Wallace W,False,166000,141900000,136900,29
バヤシBayashi,True,106100,132300000,112500,58
バヤシBayashi,True,57800,219700000,73700,57
Gordon Ramsay,True,126700,132200000,292400,15
subasx,False,18900,276900000,27700,18
バヤシBayashi,True,66600,118100000,48300,51
foodie beats,False,37800,141300000,241900,21
バヤシBayashi,True,67000,110300000,73700,37
バヤシBayashi,True,53000,101300000,29700,39
バヤシBayashi,True,82800,67000000,60000,34
バヤシBayashi,True,31800,70800000,43200,55
バヤシBayashi,True,29900,67600000,100200,45
TTFDcz,False,42700,78700000,42600,21
バヤシBayashi,True,54100,68600000,56200,26
バヤシBayashi,True,73500,60900000,34800,27
オムライスのプロEggToker,True,28400,72700000,28300,44
バヤシBayashi,True,80500,66000000,45000,59
バヤシBayashi,True,48100,52200000,24100,56
J A D E N,False,37900,47500000,93000,14
Aubree Jones,False,68100,50400000,379400,15
Madara Dusal,False,54400,38900000,102700,13
JVKE,True,19300,28400000,19100,60
пıκκı,False,19300,35300000,103300,18
Irish B & Ammar Z✨,True,29300,55500000,28000,15
Unreal Jason Statham,False,30700,33000000,20200,20
L 2B,False,90800,19300000,231500,5
Tito Lizzardo & Catty B,True,33800,25000000,154100,11
AlexPresley,True,10800,23200000,36400,13
Ria & Viktor,False,6561,21900000,4063,35
Smac,False,26200,13200000,87500,56
gabriela,False,8808,15700000,25800,51
Bunnydayoff,False,35000,14000000,207800,15
X-MELLO OFFICIAL,False,42900,20800000,124700,15
Bob’s Dance Shop,False,30400,17300000,110500,60
Erica Coffelt,False,22600,13600000,14300,12
Taylor Nunez,False,11700,16700000,39000,14
Titos Tsai 笑炎舞者蔡宏毅,True,13500,12000000,26700,9
withikonic,True,45400,11500000,47100,21
alina,True,3539,11900000,31900,14
Marco,True,1794,9300000,20800,14
AnabelundMaria,False,2008,5100000,5539,15
Leonie & Sophie,True,1387,5000000,3888,14
schmoms.halde,False,786,8700000,1312,16
Mary,True,19300,3700000,11500,14
skrudlik,True,1689,1900000,500,14
Manjul Khattar ⚡️,True,3421,3800000,3807,14
Gerald Huston,False,998,1100000,2414,22
kevoCkris13,False,434,1300000,1950,18
NecronXVII,False,732,1500000,1877,15
yağmur özkavak,True,1128,2700000,228,23
ESRAa,False,1424,4700000,4269,14
@23_The_Attitude_Boy,False,210,1900000,3034,10
Ahsaas Channa,True,308,2200000,1075,14
nikkbisht04,False,384,7900000,4913,15
Мой !nst - @webdewka ⬅️,False,4561,1400000,2213,15
,True,515,2100000,2696,14
Yalçın akdoğan,True,890,3700000,5052,14
#hAriom rathor,False,466,938300,1004,15
i draw¿,False,8179,14600000,7652,12
DBK (Double K'),False,20900,13800000,33500,6
Robin,False,3229,11200000,1232,11
Mark Neil Castro,False,30600,46200000,118700,10
DBK (Double K'),False,5938,9100000,8039,17
ARTBEAT,False,4969,9300000,8537,39
Mark Neil Castro,False,15500,25400000,39000,28
CALL TEAM DC,False,26000,8700000,36800,45
offtopicdancestudio,False,1689,25700000,1585,10
Gayles,False,12100,7700000,3582,68
SKYBEAT,False,2096,5100000,2825,20
ARTBEAT,False,2564,6400000,2441,83
ARTBEAT,False,3536,6000000,1622,75
Riva & Lev,False,1502,3800000,2650,35
Đỗ Phượng,False,3103,6600000,1088,22
samira,False,1060,4600000,1461,21
Caroline,False,5006,4500000,2785,69
ELEFTHERÍA DC,False,12100,7000000,9820,15
haikook,False,2519,7500000,2126,11
Eye Candy,False,3678,5600000,4076,21
Alone heart,False,16900,57000000,39800,12
hope marie,False,134500,19000000,74400,15
Manisha Sati,False,14100,24900000,16700,20
Alone heart,False,9638,29500000,21300,18
Hollywood Dance Shoot,False,819,17000000,706,13
Dev Vashist,False,7762,27700000,71400,15
jajavankova,False,2182,12100000,3443,19
Manisha Sati,False,8399,19200000,12400,16
mimi,False,9345,7300000,17100,59
Claudiazurita,False,41800,5100000,60300,11
CHiSHiKuZaN,False,6175,18400000,37800,16
gangu,False,3418,29100000,18000,15
Alone heart,False,13600,22900000,5648,10
Hritik Joya,False,1884,10200000,27000,10
Adah Sharma,True,2299,8900000,1628,19
Ashu Sharma,False,998,14000000,1949,13
mariepoppinsdancer,False,2123,11800000,10200,11
ТАНЦЫ•МУЗЫКА,False,22900,14000000,96800,17
Riya Timsina,False,5633,13900000,6398,14
Deepak Devrani,False,2275,6900000,4581,22
JARNOTH,False,599600,209900000,583000,14
Blayk Rose,False,100000,52600000,216800,60
Alex Wong,True,33500,42900000,79700,11
JJ’s Fashion,False,47600,43500000,59300,15
Fallon Delaney Amey,False,99200,45000000,111600,109
Scarlett Estevez,True,36700,25800000,24200,11
Jose Ramírez,False,45400,50700000,139200,23
Nic Suarez,False,58100,19500000,52000,14
Gaby Mesa,False,16900,35900000,13000,10
Hannah Elizabeth,False,7254,20500000,3808,59
tonyrds,False,14300,27800000,13100,15
Colette,False,2320,37300000,66600,15
Hail Bail,False,9778,15800000,10100,59
Nicky M✨,False,27600,21300000,30000,15
Fidi aja,False,34500,41000000,69200,14
Best of Vogue™,False,47000,22200000,164200,40
Official Arts Help,True,21900,30400000,130500,14
✨DanceMomsWorld✨,False,13200,13600000,5129,115
Bijay baniya,False,8479,36600000,92700,14
Bijay baniya,False,7017,39700000,36900,14
Salavat Fidai,True,12400,57400000,16800,15
michaeljackton.official,True,49500,64800000,40200,32
willow sky,False,168500,40100000,696600,57
FUXiNO,True,46000,67200000,257100,19
Sahil khan,False,9827,52400000,44000,24
Obslette,False,22100,33800000,159200,23
Shilpa Shetty,True,9481,57700000,19900,15
Rocky,False,20000,39600000,42200,13
rinkomaniaa,False,57100,43400000,341100,17
柊ーVolvy,False,59000,29200000,1200000,13
.00h02.m,False,113700,21400000,200700,9
annagraziamasia,False,16200,21400000,24800,14
Salavat Fidai,True,17200,25800000,17800,14
Mariam’sFungibleBunch,False,41300,27800000,42000,10
Maytree 메이트리,True,12200,24500000,14700,35
stasyasingerr,False,37700,25200000,19200,14
annagraziamasia,False,40600,17000000,54600,50
Salavat Fidai,True,7684,34000000,27100,6
Stagson,False,21500,16900000,39400,38
Capcut edits,False,69000,16900000,101500,14
Lily,False,73400,97000000,51800,21
Franek Bielak,True,87200,66300000,68900,28
Julia Gisella,True,97200,62500000,52500,46
Mimi Choi,True,79700,149700000,179200,19
Cozyyyy,False,231400,74800000,564000,34
jackie,False,61500,54200000,80300,59
rio,False,151800,104800000,313500,7
Brian Koro,False,19500,88800000,28000,44
@Jordi.koalitic,True,13400,124400000,337400,24
achesdub,False,28200,59100000,60400,54
tonesterpaints,False,20200,35700000,23700,59
Kevin D,False,50000,69400000,22000,13
Maayan,True,14200,63700000,47200,12
Megan,False,20300,26600000,10800,15
@Jordi.koalitic,True,11300,243000000,186400,21
Kevin D,False,70800,35800000,69900,15
James Lewis,True,33100,35900000,26900,14
Nature Artist,False,19300,33800000,11300,48
James Lewis,True,37600,53400000,87000,14
Lydia Fenwick,False,33400,27500000,227600,59
h3rizonmusic,True,117200,75600000,123900,14
axandra,False,99500,60900000,84300,48
NDJ,True,40100,96200000,46000,29
Xavier,False,105900,53200000,226300,11
Xxtentacion,False,40700,111000000,25200,20
KINGS,True,44100,78500000,214600,30
NDJ,True,63800,68800000,104400,19
Sami,False,74300,53300000,300500,18
jonklaasen,True,31300,65100000,59900,12
Cameron Goode,False,164000,49300000,279200,24
NDJ,True,62500,55800000,59100,11
Lauryn,False,70500,31800000,89100,67
Evolix,False,26300,32100000,45800,28
NDJ,True,20500,61200000,21900,10
Sarah Cothran,True,59400,44400000,149800,20
willow sky,False,168500,40100000,696500,57
,False,99400,36000000,190600,9
Grace Groski,False,65700,40300000,132300,59
Sorellé,True,25300,52900000,132300,18
♡ Gege Jing ♡,False,41900,27000000,183200,20
Beauty khan,True,43900,91400000,101000,11
Beauty khan,True,32300,93400000,66000,14
Arnaldo Mangini,True,77700,137300000,423600,14
J A D E N,False,37900,47500000,93000,14
Doja Cat Fan Account,False,15400,30900000,30600,14
EMDCLASS,False,53400,37700000,268800,39
ishu Gangore,False,9262,65100000,46100,15
Fierce Fitness Ty,False,51900,33000000,432100,30
Beauty khan,True,10800,43200000,17400,10
Erica Coffelt,False,22600,13600000,14300,12
Beauty khan,True,12300,30500000,21400,15
Doja Cat Fan Account,False,6452,15100000,12700,26
Beauty khan,True,17500,25100000,23600,15
Beauty khan,True,14900,32500000,10400,15
John Di Domenico,True,19500,38700000,77500,15
dance tutorials ✌️,False,5400,16700000,198000,27
Beauty khan,True,12200,35600000,17200,12
jules,False,7317,8600000,53000,48
Beauty khan,True,17100,27400000,10400,14
John Di Domenico,True,32600,28500000,48500,10
